{"fx": 603.936279296875, "fy": 603.4485473632812, "ppx": 428.379150390625, "ppy": 245.79698181152344, "height": 480, "width": 848, "depth_scale": 0.0010000000474974513}